{"x_spec": [3.2595692805152726e-05, 5.0, 613575], "t": [3.2595692805152726e-05, 3.2595692805152726e-05, 3.2595692805152726e-05, 3.2595692805152726e-05, 0.0001423024947075771, 0.00015800362803968106, 0.00017543716661470822, 0.00019479425764873777, 0.0002162871388378975, 0.00024015146540428407, 0.00026664889389955537, 0.00029606995109590574, 0.00032873721941990017, 0.0003650088738553592, 0.0004052826090950758, 0.00045000000000000004, 0.000499651343175437, 0.0005547810327489297, 0.0006159935292916862, 0.0006839599873288199, 0.0007594256141046668, 0.0008432178402871724, 0.0009362553921977272, 0.0010395583650374223, 0.0011542594075560205, 0.001281616140796111, 0.0014230249470757708, 0.001580036280396809, 0.0017543716661470824, 0.0019479425764873776, 0.002162871388378975, 0.0024015146540428403, 0.002666488938995554, 0.002960699510959057, 0.0032873721941990056, 0.0036500887385535925, 0.004052826090950754, 0.0045000000000000005, 0.00499651343175437, 0.005547810327489296, 0.006159935292916869, 0.0068395998732882, 0.007594256141046669, 0.008432178402871724, 0.009362553921977271, 0.010395583650374221, 0.011542594075560205, 0.012816161407961109, 0.014230249470757707, 0.01580036280396809, 0.017543716661470823, 0.01947942576487376, 0.02162871388378975, 0.024015146540428405, 0.026664889389955565, 0.02960699510959057, 0.03287372194199005, 0.036500887385535925, 0.04052826090950754, 0.045, 0.0499651343175437, 0.05547810327489296, 0.06159935292916863, 0.06839599873288206, 0.07594256141046668, 0.08432178402871732, 0.09362553921977272, 0.10395583650374222, 0.11542594075560206, 0.12816161407961107, 0.14230249470757705, 0.15800362803968088, 0.1754371666147082, 0.1947942576487376, 0.21628713883789774, 0.24015146540428406, 0.26664889389955565, 0.2960699510959057, 0.32873721941990053, 0.36500887385535924, 0.40528260909507535, 0.45, 0.499651343175437, 0.5547810327489296, 0.6159935292916868, 0.6839599873288206, 0.7594256141046669, 0.8432178402871732, 0.9362553921977271, 1.0395583650374223, 1.1542594075560206, 1.2816161407961109, 1.4230249470757708, 1.5800362803968104, 1.7543716661470823, 1.9479425764873777, 2.162871388378975, 2.4015146540428405, 2.6664889389955535, 2.960699510959057, 3.287372194199002, 3.6500887385535927, 4.052826090950758, 4.5, 5.0, 5.0, 5.0, 5.0], "c": [0.7720161468716866, -0.5547528253056444, 0.30706059086000753, 0.19422577014134906, -1.1954636661840032, 0.9215976941641111, -0.6668136393976918, -1.341269161156733, -0.16311330594842666, -1.7639636752234251, -1.238385544822954, -0.32649555618555554, -0.03086589610280171, -2.358195657381619, -0.5759152419849985, 0.1892225800004134, -1.8122889670546236, -0.8109120798216202, -0.5500991736738969, -4.680192969256771, -2.8007700704649876, 0.16866469558571784, -1.1040811840849307, -3.0243574268705546, -4.018139927365795, -4.100581028618109, -0.556354762846191, -7.414377514669229, 1.36396325920194, -6.002559557058508, -2.2113451390305365, -4.578944771104116, -4.372644849632638, -3.945339124673235, -4.778747958903158, -2.370174137632325, -5.7372466088109295, -4.707506574819875, -4.834404729330929, -5.005244244061701, -5.82644896783577, -4.717966026411524, -6.146374820241562, -4.972788381244952, -5.854957092953355, -5.702174935205885, -6.222035857079607, -6.2128389666872, -6.212821706753751, -6.253599689326325, -6.681685577659057, -6.372364384360678, -6.771223202540934, -6.856809137231159, -6.986412256164045, -7.190466178818742, -7.577896455149433, -7.515731696006047, -7.598155006351761, -7.824526916149126, -8.141496591776512, -8.36794927682997, -8.80307396767114, -8.828816533544659, -9.357524260470413, -9.658130054343863, -10.005768472049466, -10.499801262514108, -11.028689820560558, -11.413688641742898, -11.906162042727946, -12.232342460719975, -12.438432746733596, -13.088338100203112, -12.308710772618745, -11.685074853925329, -11.397838681243094, -12.265219694936695, -13.600359694898529, -14.031425961884718, -12.236885080485473, -13.527508426900974, -13.698402018452601, -13.397911198962568, -14.144410560196603, -13.905769594095293, -14.410874830544122, -14.531727635304264, -14.59275291853806, -14.35404826562502, -14.58670053318149, -14.432515268864977, -14.363428024828353, -14.429222027493264, -14.73947634127499, -14.717315405960353, -14.678539669792505, -14.825278423641382, -14.80936417940876, -14.943375264882789, -14.680885181815674, -14.54841244844906, -14.634365225950589, -14.609444790868906, 0.0, 0.0, 0.0, 0.0], "k": 3}